<?xml version="1.0" encoding="UTF-8"?>
<export version="D">
  <design>
    <source>/home/vishhvaan/GitRepos/eve-pi/Start Building/Circuit Board Files/EVE-PCB/v5/v5_proj_ext/EVE-PCB-V4.sch</source>
    <date>Mon 21 Jun 2021 08:33:11 PM EDT</date>
    <tool>Eeschema 5.1.10</tool>
    <sheet number="1" name="/" tstamps="/">
      <title_block>
        <title/>
        <company/>
        <rev/>
        <date>2020-05-05</date>
        <source>EVE-PCB-V4.sch</source>
        <comment number="1" value=""/>
        <comment number="2" value=""/>
        <comment number="3" value=""/>
        <comment number="4" value=""/>
      </title_block>
    </sheet>
  </design>
  <components>
    <comp ref="D3">
      <value>19-217/GHC-YR1S2/3T</value>
      <footprint>LED_SMD:LED_0603_1608Metric</footprint>
      <datasheet>19-217/GHC-YR1S2/3T (Green)</datasheet>
      <fields>
        <field name="LCSC">C72043</field>
        <field name="Package">LED_0603</field>
      </fields>
      <libsource lib="Device" part="LED" description="Light emitting diode"/>
      <sheetpath names="/" tstamps="/"/>
      <tstamp>5EC8A60A</tstamp>
    </comp>
    <comp ref="R3">
      <value>169Ω</value>
      <footprint>Resistor_SMD:R_0805_2012Metric</footprint>
      <datasheet>0805W8F1690T5E</datasheet>
      <fields>
        <field name="LCSC">C17489</field>
        <field name="Package">0805</field>
        <field name="Power">0.017</field>
      </fields>
      <libsource lib="Device" part="R" description="Resistor"/>
      <sheetpath names="/" tstamps="/"/>
      <tstamp>5EC8A5FB</tstamp>
    </comp>
    <comp ref="J6">
      <value>Conn_02x18_Odd_Even</value>
      <footprint>Connector_PinHeader_2.54mm:PinHeader_2x18_P2.54mm_Vertical</footprint>
      <datasheet>~</datasheet>
      <libsource lib="Connector_Generic" part="Conn_02x18_Odd_Even" description="Generic connector, double row, 02x18, odd/even pin numbering scheme (row 1 odd numbers, row 2 even numbers), script generated (kicad-library-utils/schlib/autogen/connector/)"/>
      <sheetpath names="/" tstamps="/"/>
      <tstamp>601755E6</tstamp>
    </comp>
    <comp ref="J7">
      <value>Conn_02x22_Odd_Even</value>
      <footprint>Connector_PinHeader_2.54mm:PinHeader_2x22_P2.54mm_Vertical</footprint>
      <datasheet>~</datasheet>
      <libsource lib="Connector_Generic" part="Conn_02x22_Odd_Even" description="Generic connector, double row, 02x22, odd/even pin numbering scheme (row 1 odd numbers, row 2 even numbers), script generated (kicad-library-utils/schlib/autogen/connector/)"/>
      <sheetpath names="/" tstamps="/"/>
      <tstamp>603318F2</tstamp>
    </comp>
    <comp ref="J1">
      <value>Conn_02x09_Top_Bottom</value>
      <footprint>ul_2828887:282888-7</footprint>
      <datasheet>~</datasheet>
      <libsource lib="Connector_Generic" part="Conn_02x09_Top_Bottom" description="Generic connector, double row, 02x09, top/bottom pin numbering scheme (row 1: 1...pins_per_row, row2: pins_per_row+1 ... num_pins), script generated (kicad-library-utils/schlib/autogen/connector/)"/>
      <sheetpath names="/" tstamps="/"/>
      <tstamp>60944719</tstamp>
    </comp>
    <comp ref="J3">
      <value>Conn_02x09_Top_Bottom</value>
      <footprint>ul_2828887:282888-7</footprint>
      <datasheet>~</datasheet>
      <libsource lib="Connector_Generic" part="Conn_02x09_Top_Bottom" description="Generic connector, double row, 02x09, top/bottom pin numbering scheme (row 1: 1...pins_per_row, row2: pins_per_row+1 ... num_pins), script generated (kicad-library-utils/schlib/autogen/connector/)"/>
      <sheetpath names="/" tstamps="/"/>
      <tstamp>609574EF</tstamp>
    </comp>
    <comp ref="J2">
      <value>Conn_02x09_Top_Bottom</value>
      <footprint>ul_2828887:282888-7</footprint>
      <datasheet>~</datasheet>
      <libsource lib="Connector_Generic" part="Conn_02x09_Top_Bottom" description="Generic connector, double row, 02x09, top/bottom pin numbering scheme (row 1: 1...pins_per_row, row2: pins_per_row+1 ... num_pins), script generated (kicad-library-utils/schlib/autogen/connector/)"/>
      <sheetpath names="/" tstamps="/"/>
      <tstamp>6099CC9F</tstamp>
    </comp>
    <comp ref="J4">
      <value>Conn_02x09_Top_Bottom</value>
      <footprint>ul_2828887:282888-7</footprint>
      <datasheet>~</datasheet>
      <libsource lib="Connector_Generic" part="Conn_02x09_Top_Bottom" description="Generic connector, double row, 02x09, top/bottom pin numbering scheme (row 1: 1...pins_per_row, row2: pins_per_row+1 ... num_pins), script generated (kicad-library-utils/schlib/autogen/connector/)"/>
      <sheetpath names="/" tstamps="/"/>
      <tstamp>6099CCA5</tstamp>
    </comp>
  </components>
  <libparts>
    <libpart lib="Connector_Generic" part="Conn_02x09_Top_Bottom">
      <description>Generic connector, double row, 02x09, top/bottom pin numbering scheme (row 1: 1...pins_per_row, row2: pins_per_row+1 ... num_pins), script generated (kicad-library-utils/schlib/autogen/connector/)</description>
      <docs>~</docs>
      <footprints>
        <fp>Connector*:*_2x??_*</fp>
      </footprints>
      <fields>
        <field name="Reference">J</field>
        <field name="Value">Conn_02x09_Top_Bottom</field>
      </fields>
      <pins>
        <pin num="1" name="Pin_1" type="passive"/>
        <pin num="2" name="Pin_2" type="passive"/>
        <pin num="3" name="Pin_3" type="passive"/>
        <pin num="4" name="Pin_4" type="passive"/>
        <pin num="5" name="Pin_5" type="passive"/>
        <pin num="6" name="Pin_6" type="passive"/>
        <pin num="7" name="Pin_7" type="passive"/>
        <pin num="8" name="Pin_8" type="passive"/>
        <pin num="9" name="Pin_9" type="passive"/>
        <pin num="10" name="Pin_10" type="passive"/>
        <pin num="11" name="Pin_11" type="passive"/>
        <pin num="12" name="Pin_12" type="passive"/>
        <pin num="13" name="Pin_13" type="passive"/>
        <pin num="14" name="Pin_14" type="passive"/>
        <pin num="15" name="Pin_15" type="passive"/>
        <pin num="16" name="Pin_16" type="passive"/>
        <pin num="17" name="Pin_17" type="passive"/>
        <pin num="18" name="Pin_18" type="passive"/>
      </pins>
    </libpart>
    <libpart lib="Connector_Generic" part="Conn_02x18_Odd_Even">
      <description>Generic connector, double row, 02x18, odd/even pin numbering scheme (row 1 odd numbers, row 2 even numbers), script generated (kicad-library-utils/schlib/autogen/connector/)</description>
      <docs>~</docs>
      <footprints>
        <fp>Connector*:*_2x??_*</fp>
      </footprints>
      <fields>
        <field name="Reference">J</field>
        <field name="Value">Conn_02x18_Odd_Even</field>
      </fields>
      <pins>
        <pin num="1" name="Pin_1" type="passive"/>
        <pin num="2" name="Pin_2" type="passive"/>
        <pin num="3" name="Pin_3" type="passive"/>
        <pin num="4" name="Pin_4" type="passive"/>
        <pin num="5" name="Pin_5" type="passive"/>
        <pin num="6" name="Pin_6" type="passive"/>
        <pin num="7" name="Pin_7" type="passive"/>
        <pin num="8" name="Pin_8" type="passive"/>
        <pin num="9" name="Pin_9" type="passive"/>
        <pin num="10" name="Pin_10" type="passive"/>
        <pin num="11" name="Pin_11" type="passive"/>
        <pin num="12" name="Pin_12" type="passive"/>
        <pin num="13" name="Pin_13" type="passive"/>
        <pin num="14" name="Pin_14" type="passive"/>
        <pin num="15" name="Pin_15" type="passive"/>
        <pin num="16" name="Pin_16" type="passive"/>
        <pin num="17" name="Pin_17" type="passive"/>
        <pin num="18" name="Pin_18" type="passive"/>
        <pin num="19" name="Pin_19" type="passive"/>
        <pin num="20" name="Pin_20" type="passive"/>
        <pin num="21" name="Pin_21" type="passive"/>
        <pin num="22" name="Pin_22" type="passive"/>
        <pin num="23" name="Pin_23" type="passive"/>
        <pin num="24" name="Pin_24" type="passive"/>
        <pin num="25" name="Pin_25" type="passive"/>
        <pin num="26" name="Pin_26" type="passive"/>
        <pin num="27" name="Pin_27" type="passive"/>
        <pin num="28" name="Pin_28" type="passive"/>
        <pin num="29" name="Pin_29" type="passive"/>
        <pin num="30" name="Pin_30" type="passive"/>
        <pin num="31" name="Pin_31" type="passive"/>
        <pin num="32" name="Pin_32" type="passive"/>
        <pin num="33" name="Pin_33" type="passive"/>
        <pin num="34" name="Pin_34" type="passive"/>
        <pin num="35" name="Pin_35" type="passive"/>
        <pin num="36" name="Pin_36" type="passive"/>
      </pins>
    </libpart>
    <libpart lib="Connector_Generic" part="Conn_02x22_Odd_Even">
      <description>Generic connector, double row, 02x22, odd/even pin numbering scheme (row 1 odd numbers, row 2 even numbers), script generated (kicad-library-utils/schlib/autogen/connector/)</description>
      <docs>~</docs>
      <footprints>
        <fp>Connector*:*_2x??_*</fp>
      </footprints>
      <fields>
        <field name="Reference">J</field>
        <field name="Value">Conn_02x22_Odd_Even</field>
      </fields>
      <pins>
        <pin num="1" name="Pin_1" type="passive"/>
        <pin num="2" name="Pin_2" type="passive"/>
        <pin num="3" name="Pin_3" type="passive"/>
        <pin num="4" name="Pin_4" type="passive"/>
        <pin num="5" name="Pin_5" type="passive"/>
        <pin num="6" name="Pin_6" type="passive"/>
        <pin num="7" name="Pin_7" type="passive"/>
        <pin num="8" name="Pin_8" type="passive"/>
        <pin num="9" name="Pin_9" type="passive"/>
        <pin num="10" name="Pin_10" type="passive"/>
        <pin num="11" name="Pin_11" type="passive"/>
        <pin num="12" name="Pin_12" type="passive"/>
        <pin num="13" name="Pin_13" type="passive"/>
        <pin num="14" name="Pin_14" type="passive"/>
        <pin num="15" name="Pin_15" type="passive"/>
        <pin num="16" name="Pin_16" type="passive"/>
        <pin num="17" name="Pin_17" type="passive"/>
        <pin num="18" name="Pin_18" type="passive"/>
        <pin num="19" name="Pin_19" type="passive"/>
        <pin num="20" name="Pin_20" type="passive"/>
        <pin num="21" name="Pin_21" type="passive"/>
        <pin num="22" name="Pin_22" type="passive"/>
        <pin num="23" name="Pin_23" type="passive"/>
        <pin num="24" name="Pin_24" type="passive"/>
        <pin num="25" name="Pin_25" type="passive"/>
        <pin num="26" name="Pin_26" type="passive"/>
        <pin num="27" name="Pin_27" type="passive"/>
        <pin num="28" name="Pin_28" type="passive"/>
        <pin num="29" name="Pin_29" type="passive"/>
        <pin num="30" name="Pin_30" type="passive"/>
        <pin num="31" name="Pin_31" type="passive"/>
        <pin num="32" name="Pin_32" type="passive"/>
        <pin num="33" name="Pin_33" type="passive"/>
        <pin num="34" name="Pin_34" type="passive"/>
        <pin num="35" name="Pin_35" type="passive"/>
        <pin num="36" name="Pin_36" type="passive"/>
        <pin num="37" name="Pin_37" type="passive"/>
        <pin num="38" name="Pin_38" type="passive"/>
        <pin num="39" name="Pin_39" type="passive"/>
        <pin num="40" name="Pin_40" type="passive"/>
        <pin num="41" name="Pin_41" type="passive"/>
        <pin num="42" name="Pin_42" type="passive"/>
        <pin num="43" name="Pin_43" type="passive"/>
        <pin num="44" name="Pin_44" type="passive"/>
      </pins>
    </libpart>
    <libpart lib="Device" part="LED">
      <description>Light emitting diode</description>
      <docs>~</docs>
      <footprints>
        <fp>LED*</fp>
        <fp>LED_SMD:*</fp>
        <fp>LED_THT:*</fp>
      </footprints>
      <fields>
        <field name="Reference">D</field>
        <field name="Value">LED</field>
      </fields>
      <pins>
        <pin num="1" name="K" type="passive"/>
        <pin num="2" name="A" type="passive"/>
      </pins>
    </libpart>
    <libpart lib="Device" part="R">
      <description>Resistor</description>
      <docs>~</docs>
      <footprints>
        <fp>R_*</fp>
      </footprints>
      <fields>
        <field name="Reference">R</field>
        <field name="Value">R</field>
      </fields>
      <pins>
        <pin num="1" name="~" type="passive"/>
        <pin num="2" name="~" type="passive"/>
      </pins>
    </libpart>
  </libparts>
  <libraries>
    <library logical="Connector_Generic">
      <uri>/usr/share/kicad/library/Connector_Generic.lib</uri>
    </library>
    <library logical="Device">
      <uri>/usr/share/kicad/library/Device.lib</uri>
    </library>
  </libraries>
  <nets>
    <net code="1" name="/PD12_POS">
      <node ref="J7" pin="9"/>
      <node ref="J1" pin="18"/>
    </net>
    <net code="2" name="/PD21_POS">
      <node ref="J3" pin="17"/>
      <node ref="J7" pin="17"/>
    </net>
    <net code="3" name="/FAN2_POS">
      <node ref="J3" pin="14"/>
      <node ref="J7" pin="11"/>
    </net>
    <net code="4" name="/LED21_POS">
      <node ref="J3" pin="15"/>
      <node ref="J7" pin="13"/>
    </net>
    <net code="5" name="/PD12_NEG">
      <node ref="J1" pin="9"/>
      <node ref="J7" pin="10"/>
    </net>
    <net code="6" name="/LED12_NEG">
      <node ref="J1" pin="7"/>
      <node ref="J7" pin="6"/>
    </net>
    <net code="7" name="/PD11_NEG">
      <node ref="J1" pin="8"/>
      <node ref="J7" pin="8"/>
    </net>
    <net code="8" name="/LED11_NEG">
      <node ref="J1" pin="6"/>
      <node ref="J7" pin="4"/>
    </net>
    <net code="9" name="/FAN1_NEG">
      <node ref="J7" pin="2"/>
      <node ref="J1" pin="5"/>
    </net>
    <net code="10" name="/LED12_POS">
      <node ref="J7" pin="5"/>
      <node ref="J1" pin="16"/>
    </net>
    <net code="11" name="/PD11_POS">
      <node ref="J1" pin="17"/>
      <node ref="J7" pin="7"/>
    </net>
    <net code="12" name="/LED11_POS">
      <node ref="J1" pin="15"/>
      <node ref="J7" pin="3"/>
    </net>
    <net code="13" name="/FAN1_POS">
      <node ref="J7" pin="1"/>
      <node ref="J1" pin="14"/>
    </net>
    <net code="14" name="/DRUG41_NEG">
      <node ref="J4" pin="2"/>
      <node ref="J6" pin="32"/>
    </net>
    <net code="15" name="/WASTE4_NEG">
      <node ref="J4" pin="4"/>
      <node ref="J6" pin="36"/>
    </net>
    <net code="16" name="/DRUG42_NEG">
      <node ref="J4" pin="3"/>
      <node ref="J6" pin="34"/>
    </net>
    <net code="17" name="/PD22_NEG">
      <node ref="J3" pin="9"/>
      <node ref="J7" pin="20"/>
    </net>
    <net code="18" name="/PD31_NEG">
      <node ref="J2" pin="8"/>
      <node ref="J7" pin="28"/>
    </net>
    <net code="19" name="/FAN3_NEG">
      <node ref="J7" pin="22"/>
      <node ref="J2" pin="5"/>
    </net>
    <net code="20" name="/LED31_NEG">
      <node ref="J2" pin="6"/>
      <node ref="J7" pin="24"/>
    </net>
    <net code="21" name="/PD32_POS">
      <node ref="J2" pin="18"/>
      <node ref="J7" pin="29"/>
    </net>
    <net code="22" name="/LED32_POS">
      <node ref="J2" pin="16"/>
      <node ref="J7" pin="25"/>
    </net>
    <net code="23" name="/PD31_POS">
      <node ref="J2" pin="17"/>
      <node ref="J7" pin="27"/>
    </net>
    <net code="24" name="/LED31_POS">
      <node ref="J7" pin="23"/>
      <node ref="J2" pin="15"/>
    </net>
    <net code="25" name="/FAN3_POS">
      <node ref="J7" pin="21"/>
      <node ref="J2" pin="14"/>
    </net>
    <net code="26" name="/DRUG41_POS">
      <node ref="J4" pin="11"/>
      <node ref="J6" pin="31"/>
    </net>
    <net code="27" name="/LED22_NEG">
      <node ref="J7" pin="16"/>
      <node ref="J3" pin="7"/>
    </net>
    <net code="28" name="/PD21_NEG">
      <node ref="J7" pin="18"/>
      <node ref="J3" pin="8"/>
    </net>
    <net code="29" name="/LED21_NEG">
      <node ref="J7" pin="14"/>
      <node ref="J3" pin="6"/>
    </net>
    <net code="30" name="/FAN2_NEG">
      <node ref="J7" pin="12"/>
      <node ref="J3" pin="5"/>
    </net>
    <net code="31" name="/PD22_POS">
      <node ref="J7" pin="19"/>
      <node ref="J3" pin="18"/>
    </net>
    <net code="32" name="/LED22_POS">
      <node ref="J3" pin="16"/>
      <node ref="J7" pin="15"/>
    </net>
    <net code="33" name="/MEDIA4_POS">
      <node ref="J4" pin="10"/>
      <node ref="J6" pin="29"/>
    </net>
    <net code="34" name="/DRUG11_NEG">
      <node ref="J1" pin="2"/>
      <node ref="J6" pin="8"/>
    </net>
    <net code="35" name="/WASTE1_NEG">
      <node ref="J6" pin="12"/>
      <node ref="J1" pin="4"/>
    </net>
    <net code="36" name="/DRUG12_NEG">
      <node ref="J1" pin="3"/>
      <node ref="J6" pin="10"/>
    </net>
    <net code="37" name="/DRUG12_POS">
      <node ref="J1" pin="12"/>
      <node ref="J6" pin="9"/>
    </net>
    <net code="38" name="/WASTE1_POS">
      <node ref="J1" pin="13"/>
      <node ref="J6" pin="11"/>
    </net>
    <net code="39" name="/DRUG11_POS">
      <node ref="J1" pin="11"/>
      <node ref="J6" pin="7"/>
    </net>
    <net code="40" name="/MEDIA4_NEG">
      <node ref="J4" pin="1"/>
      <node ref="J6" pin="30"/>
    </net>
    <net code="41" name="/DRUG22_POS">
      <node ref="J6" pin="17"/>
      <node ref="J3" pin="12"/>
    </net>
    <net code="42" name="/MEDIA3_NEG">
      <node ref="J2" pin="1"/>
      <node ref="J6" pin="22"/>
    </net>
    <net code="43" name="/MEDIA3_POS">
      <node ref="J2" pin="10"/>
      <node ref="J6" pin="21"/>
    </net>
    <net code="44" name="/MEDIA2_NEG">
      <node ref="J3" pin="1"/>
      <node ref="J6" pin="14"/>
    </net>
    <net code="45" name="/MEDIA2_POS">
      <node ref="J6" pin="13"/>
      <node ref="J3" pin="10"/>
    </net>
    <net code="46" name="/MEDIA1_NEG">
      <node ref="J1" pin="1"/>
      <node ref="J6" pin="6"/>
    </net>
    <net code="47" name="/MEDIA1_POS">
      <node ref="J1" pin="10"/>
      <node ref="J6" pin="5"/>
    </net>
    <net code="48" name="/DRUG32_POS">
      <node ref="J2" pin="12"/>
      <node ref="J6" pin="25"/>
    </net>
    <net code="49" name="/WASTE4_POS">
      <node ref="J6" pin="35"/>
      <node ref="J4" pin="13"/>
    </net>
    <net code="50" name="/DRUG42_POS">
      <node ref="J6" pin="33"/>
      <node ref="J4" pin="12"/>
    </net>
    <net code="51" name="/DRUG32_NEG">
      <node ref="J2" pin="3"/>
      <node ref="J6" pin="26"/>
    </net>
    <net code="52" name="/WASTE3_NEG">
      <node ref="J6" pin="28"/>
      <node ref="J2" pin="4"/>
    </net>
    <net code="53" name="/DRUG31_NEG">
      <node ref="J2" pin="2"/>
      <node ref="J6" pin="24"/>
    </net>
    <net code="54" name="/DRUG31_POS">
      <node ref="J6" pin="23"/>
      <node ref="J2" pin="11"/>
    </net>
    <net code="55" name="/WASTE3_POS">
      <node ref="J2" pin="13"/>
      <node ref="J6" pin="27"/>
    </net>
    <net code="56" name="/DRUG21_NEG">
      <node ref="J6" pin="16"/>
      <node ref="J3" pin="2"/>
    </net>
    <net code="57" name="/WASTE2_NEG">
      <node ref="J6" pin="20"/>
      <node ref="J3" pin="4"/>
    </net>
    <net code="58" name="/DRUG22_NEG">
      <node ref="J3" pin="3"/>
      <node ref="J6" pin="18"/>
    </net>
    <net code="59" name="/DRUG21_POS">
      <node ref="J6" pin="15"/>
      <node ref="J3" pin="11"/>
    </net>
    <net code="60" name="/WASTE2_POS">
      <node ref="J3" pin="13"/>
      <node ref="J6" pin="19"/>
    </net>
    <net code="61" name="/SDA-PWM">
      <node ref="J6" pin="1"/>
      <node ref="J7" pin="43"/>
    </net>
    <net code="62" name="/LED41_POS">
      <node ref="J7" pin="33"/>
      <node ref="J4" pin="15"/>
    </net>
    <net code="63" name="/FAN4_POS">
      <node ref="J7" pin="31"/>
      <node ref="J4" pin="14"/>
    </net>
    <net code="64" name="/PD41_POS">
      <node ref="J4" pin="17"/>
      <node ref="J7" pin="37"/>
    </net>
    <net code="65" name="/LED42_POS">
      <node ref="J4" pin="16"/>
      <node ref="J7" pin="35"/>
    </net>
    <net code="66" name="/PD42_POS">
      <node ref="J7" pin="39"/>
      <node ref="J4" pin="18"/>
    </net>
    <net code="67" name="+5V">
      <node ref="J6" pin="3"/>
      <node ref="J7" pin="41"/>
      <node ref="D3" pin="2"/>
    </net>
    <net code="68" name="/SCL-PWM">
      <node ref="J7" pin="44"/>
      <node ref="J6" pin="2"/>
    </net>
    <net code="69" name="GND">
      <node ref="J7" pin="42"/>
      <node ref="R3" pin="2"/>
      <node ref="J6" pin="4"/>
    </net>
    <net code="70" name="/PD42_NEG">
      <node ref="J4" pin="9"/>
      <node ref="J7" pin="40"/>
    </net>
    <net code="71" name="/LED42_NEG">
      <node ref="J7" pin="36"/>
      <node ref="J4" pin="7"/>
    </net>
    <net code="72" name="/PD41_NEG">
      <node ref="J4" pin="8"/>
      <node ref="J7" pin="38"/>
    </net>
    <net code="73" name="/LED41_NEG">
      <node ref="J4" pin="6"/>
      <node ref="J7" pin="34"/>
    </net>
    <net code="74" name="/FAN4_NEG">
      <node ref="J4" pin="5"/>
      <node ref="J7" pin="32"/>
    </net>
    <net code="75" name="/PD32_NEG">
      <node ref="J2" pin="9"/>
      <node ref="J7" pin="30"/>
    </net>
    <net code="76" name="/LED32_NEG">
      <node ref="J2" pin="7"/>
      <node ref="J7" pin="26"/>
    </net>
    <net code="77" name="Net-(D3-Pad1)">
      <node ref="D3" pin="1"/>
      <node ref="R3" pin="1"/>
    </net>
  </nets>
</export>
